mean_squared_error_train	mean_squared_error_test	root_mean_squared_error_train	root_mean_squared_error_test	r2_score_train	r2_score_test	mape_train	mape_test	mape_train_accuracy	mape_test_accuracy
88.9616416973812	153.3691093348605	9.431947926986302	12.384228249465547	0.8045876544093846	0.6168509828151094	9.543757572126797	11.852509909007567	90.4562424278732	88.14749009099243
