mean_squared_error_train	mean_squared_error_test	root_mean_squared_error_train	root_mean_squared_error_test	r2_score_train	r2_score_test	mape_train	mape_test	mape_train_accuracy	mape_test_accuracy
93.7112188027546	145.50330231390961	9.680455505953974	12.062474966353697	0.7844415166207597	0.670438123478059	9.336916170379183	12.568119157656223	90.66308382962082	87.43188084234377
