mean_squared_error_train	mean_squared_error_test	root_mean_squared_error_train	root_mean_squared_error_test	r2_score_train	r2_score_test	mape_train	mape_test	mape_train_accuracy	mape_test_accuracy
115.55603129181982	82.17956023761978	10.749699125641602	9.065294271981456	0.732879806936205	0.817595038489856	11.085735034287342	8.861855470000297	88.91426496571266	91.1381445299997
