mean_squared_error_train	mean_squared_error_test	root_mean_squared_error_train	root_mean_squared_error_test	r2_score_train	r2_score_test	mape_train	mape_test	mape_train_accuracy	mape_test_accuracy
94.7723358960408	134.2784500900341	9.735108417272034	11.58785787322377	0.7624391091278511	0.7493325083313602	9.69351183319694	12.630505884339824	90.30648816680306	87.36949411566017
